distance,class_a,class_b,path_a,path_b
4,Bacterial Spot,Bacterial Spot,E:\PlantVillage\Tomato_Bacterial_spot\196be0af-51c3-4587-bd91-9a606631d4f3___GCREC_Bact.Sp 3453.JPG,E:\PlantVillage\Tomato_Bacterial_spot\6d746b6c-52f8-4831-b541-c74d0984c130___GCREC_Bact.Sp 3169.JPG
4,Bacterial Spot,Bacterial Spot,E:\PlantVillage\Tomato_Bacterial_spot\29184f19-db21-475d-8032-a8b7c3a9c7f4___GCREC_Bact.Sp 5784.JPG,E:\PlantVillage\Tomato_Bacterial_spot\5c5dbca4-4322-4227-a543-6ff6f876a531___GCREC_Bact.Sp 5785.JPG
4,Bacterial Spot,Bacterial Spot,E:\PlantVillage\Tomato_Bacterial_spot\2b1247ef-594a-4ada-9377-1f46af51859c___GCREC_Bact.Sp 3095.JPG,E:\PlantVillage\Tomato_Bacterial_spot\dfca025b-a6d9-431a-977e-4bd174daa3a1___GCREC_Bact.Sp 5948.JPG
4,Bacterial Spot,Yellow Leaf Curl Virus,E:\PlantVillage\Tomato_Bacterial_spot\5d1f3889-f029-4ebd-834d-9e39d775b070___GCREC_Bact.Sp 5996.JPG,E:\PlantVillage\Tomato__Tomato_YellowLeaf__Curl_Virus\6c74c99f-0377-4870-ac98-c1ad619d8a7a___YLCV_GCREC 2623.JPG
4,Bacterial Spot,Bacterial Spot,E:\PlantVillage\Tomato_Bacterial_spot\611c6fa8-d805-4956-a786-2a4522c59f71___GCREC_Bact.Sp 5616.JPG,E:\PlantVillage\Tomato_Bacterial_spot\efd6193d-7d5b-4207-999d-2aeb08cd64e2___GCREC_Bact.Sp 5739.JPG
4,Bacterial Spot,Bacterial Spot,E:\PlantVillage\Tomato_Bacterial_spot\741e2f09-1b62-42c2-b218-6504d57c0f27___GCREC_Bact.Sp 3302.JPG,E:\PlantVillage\Tomato_Bacterial_spot\e2286f6d-1e30-4528-ab51-84c18a16b7e1___GCREC_Bact.Sp 3503.JPG
4,Late Blight,Late Blight,E:\PlantVillage\Tomato_Late_blight\2159d0f7-09ef-46ad-ad49-749e8ce1becc___GHLB2 Leaf 8836.JPG,E:\PlantVillage\Tomato_Late_blight\7f533ee8-1d72-486e-b2a6-b5ef2ac7cc88___GHLB2 Leaf 8837.JPG
4,Leaf Mold,Leaf Mold,E:\PlantVillage\Tomato_Leaf_Mold\76e5026d-dc54-4129-8250-573317cc91da___Crnl_L.Mold 6700.JPG,E:\PlantVillage\Tomato_Leaf_Mold\78cfaa28-9259-4225-8641-5dfaceab2118___Crnl_L.Mold 6690.JPG
4,Leaf Mold,Spider Mites,E:\PlantVillage\Tomato_Leaf_Mold\fcfc6758-32cd-4e18-8d56-e3ffde988921___Crnl_L.Mold 6591.JPG,E:\PlantVillage\Tomato_Spider_mites_Two_spotted_spider_mite\20f78207-e650-4e62-8648-f660f5f1eea9___Com.G_SpM_FL 9340.JPG
4,Septoria Leaf Spot,Spider Mites,E:\PlantVillage\Tomato_Septoria_leaf_spot\648d66b5-7f12-4baa-beba-4938ede59013___JR_Sept.L.S 2625.JPG,E:\PlantVillage\Tomato_Spider_mites_Two_spotted_spider_mite\646aa524-ba89-4228-bd91-16d693ff1283___Com.G_SpM_FL 8835.JPG
4,Spider Mites,Spider Mites,E:\PlantVillage\Tomato_Spider_mites_Two_spotted_spider_mite\45d0aca4-ce49-43cb-af35-99ac8d283930___Com.G_SpM_FL 1459.JPG,E:\PlantVillage\Tomato_Spider_mites_Two_spotted_spider_mite\e0837534-7480-4ba7-8f04-34f232f76008___Com.G_SpM_FL 8565.JPG
4,Spider Mites,Spider Mites,E:\PlantVillage\Tomato_Spider_mites_Two_spotted_spider_mite\497393f6-55bc-4e2b-b208-fa0f54ba8c92___Com.G_SpM_FL 1420.JPG,E:\PlantVillage\Tomato_Spider_mites_Two_spotted_spider_mite\e33fa280-f5cc-404b-a205-36966e9ceb38___Com.G_SpM_FL 8950.JPG
2,Spider Mites,Spider Mites,E:\PlantVillage\Tomato_Spider_mites_Two_spotted_spider_mite\75c39e92-9f7a-4266-b6bb-56bb3cd48dcb___Com.G_SpM_FL 9523.JPG,E:\PlantVillage\Tomato_Spider_mites_Two_spotted_spider_mite\82e7ae32-dee2-4e83-aeb3-aab7a4bdf04f___Com.G_SpM_FL 9263.JPG
2,Spider Mites,Spider Mites,E:\PlantVillage\Tomato_Spider_mites_Two_spotted_spider_mite\a75666ed-91d1-4f47-bcf2-554c8a5a3fd5___Com.G_SpM_FL 9551.JPG,E:\PlantVillage\Tomato_Spider_mites_Two_spotted_spider_mite\f7b7b4c8-1420-4ffe-ba64-97be026edeb4___Com.G_SpM_FL 8978.JPG
4,Spider Mites,Spider Mites,E:\PlantVillage\Tomato_Spider_mites_Two_spotted_spider_mite\af0d2ecc-72f9-40ca-ad16-b3ef9419e9ec___Com.G_SpM_FL 9559.JPG,E:\PlantVillage\Tomato_Spider_mites_Two_spotted_spider_mite\ce05bc05-0c4c-4290-903c-f46ab2ba1f53___Com.G_SpM_FL 9283.JPG
4,Spider Mites,Target Spot,E:\PlantVillage\Tomato_Spider_mites_Two_spotted_spider_mite\db678f0b-cd38-408c-9029-33296dcd568d___Com.G_SpM_FL 8522.JPG,E:\PlantVillage\Tomato__Target_Spot\1dcaf64c-19e6-4854-8d99-53c30dbefcef___Com.G_TgS_FL 0999.JPG
4,Yellow Leaf Curl Virus,Yellow Leaf Curl Virus,E:\PlantVillage\Tomato__Tomato_YellowLeaf__Curl_Virus\03fa456e-aa89-409f-a18c-42566f4b2882___UF.GRC_YLCV_Lab 01528.JPG,E:\PlantVillage\Tomato__Tomato_YellowLeaf__Curl_Virus\21a4dee8-257f-48ea-90d2-0d2402b1a88a___UF.GRC_YLCV_Lab 01524.JPG
4,Yellow Leaf Curl Virus,Yellow Leaf Curl Virus,E:\PlantVillage\Tomato__Tomato_YellowLeaf__Curl_Virus\104fc95d-88f5-4f2e-a3ea-bfcba37f6b9f___UF.GRC_YLCV_Lab 01854.JPG,E:\PlantVillage\Tomato__Tomato_YellowLeaf__Curl_Virus\4c773e62-28a8-4f16-a71f-7cdb1c5751e5___UF.GRC_YLCV_Lab 01855.JPG
4,Yellow Leaf Curl Virus,Yellow Leaf Curl Virus,E:\PlantVillage\Tomato__Tomato_YellowLeaf__Curl_Virus\162a2c9a-53ec-468c-bbaa-145e7acdb8db___UF.GRC_YLCV_Lab 02537.JPG,E:\PlantVillage\Tomato__Tomato_YellowLeaf__Curl_Virus\21401648-7356-4019-9781-516afa0ff7c4___UF.GRC_YLCV_Lab 02527.JPG
4,Yellow Leaf Curl Virus,Yellow Leaf Curl Virus,E:\PlantVillage\Tomato__Tomato_YellowLeaf__Curl_Virus\2ed63cde-c59e-45df-a38b-ee87197908bb___UF.GRC_YLCV_Lab 01623.JPG,E:\PlantVillage\Tomato__Tomato_YellowLeaf__Curl_Virus\7c215f7a-4aaf-4461-a727-7e4777daa562___UF.GRC_YLCV_Lab 01624.JPG
4,Yellow Leaf Curl Virus,Yellow Leaf Curl Virus,E:\PlantVillage\Tomato__Tomato_YellowLeaf__Curl_Virus\3661efa4-82dc-488c-bade-d11056803e75___UF.GRC_YLCV_Lab 01760.JPG,E:\PlantVillage\Tomato__Tomato_YellowLeaf__Curl_Virus\45f05974-1b81-455b-8264-539c45ca1f75___UF.GRC_YLCV_Lab 01761.JPG
4,Yellow Leaf Curl Virus,Yellow Leaf Curl Virus,E:\PlantVillage\Tomato__Tomato_YellowLeaf__Curl_Virus\6243f4bc-d40f-4cae-bca1-7ed1206c2d0e___UF.GRC_YLCV_Lab 02620.JPG,E:\PlantVillage\Tomato__Tomato_YellowLeaf__Curl_Virus\76538e40-4986-4f01-bfdd-bd3d4f0453f1___UF.GRC_YLCV_Lab 02621.JPG
4,Yellow Leaf Curl Virus,Yellow Leaf Curl Virus,E:\PlantVillage\Tomato__Tomato_YellowLeaf__Curl_Virus\68f8c73f-8682-424b-bb43-9d505c64423f___UF.GRC_YLCV_Lab 08438.JPG,E:\PlantVillage\Tomato__Tomato_YellowLeaf__Curl_Virus\8a92e970-1eb5-43f1-852e-2778ddde1503___UF.GRC_YLCV_Lab 08437.JPG
2,Yellow Leaf Curl Virus,Yellow Leaf Curl Virus,E:\PlantVillage\Tomato__Tomato_YellowLeaf__Curl_Virus\76762a24-0c95-40b2-b861-fc743293fb7d___UF.GRC_YLCV_Lab 02094.JPG,E:\PlantVillage\Tomato__Tomato_YellowLeaf__Curl_Virus\8e2f397f-3ebe-4b51-964b-e5d5372e0a8b___UF.GRC_YLCV_Lab 02095.JPG
4,Tomato Mosaic Virus,Tomato Mosaic Virus,E:\PlantVillage\Tomato__Tomato_mosaic_virus\847307bc-58ab-45fc-8001-f1e07a38bc82___PSU_CG 2065.JPG,E:\PlantVillage\Tomato__Tomato_mosaic_virus\8e59061b-3802-4297-8724-a001efb95268___PSU_CG 2064.JPG
4,Healthy,Healthy,E:\PlantVillage\Tomato_healthy\0b330273-890c-4995-af72-cba070fc0061___GH_HL Leaf 312.JPG,E:\PlantVillage\Tomato_healthy\240a9583-9e6a-446d-8850-62bc23312ce9___GH_HL Leaf 312.4.JPG
4,Healthy,Healthy,E:\PlantVillage\Tomato_healthy\0c4b06d5-4053-44fc-99b6-504934fdd3a9___GH_HL Leaf 199.1.JPG,E:\PlantVillage\Tomato_healthy\84991306-21f6-41fb-a723-0c7ba1dac9d3___GH_HL Leaf 199.JPG
4,Healthy,Healthy,E:\PlantVillage\Tomato_healthy\2bd08574-9555-42a5-93b1-7fab8f9f8786___GH_HL Leaf 475.2.JPG,E:\PlantVillage\Tomato_healthy\5300bf32-485d-4978-9099-3175fb666da8___GH_HL Leaf 475.JPG
4,Healthy,Healthy,E:\PlantVillage\Tomato_healthy\5015e0d2-a6e3-4859-aceb-78089d1b60f7___GH_HL Leaf 186.2.JPG,E:\PlantVillage\Tomato_healthy\a7c3088b-6aeb-4e8c-97dd-4661a4cacc38___GH_HL Leaf 186.JPG
4,Healthy,Healthy,E:\PlantVillage\Tomato_healthy\71967e69-6356-49c1-81ce-624792b4d964___GH_HL Leaf 315.1.JPG,E:\PlantVillage\Tomato_healthy\9b5626b0-ea1d-45d0-bc41-c898f7253a75___GH_HL Leaf 315.2.JPG
2,Healthy,Healthy,E:\PlantVillage\Tomato_healthy\ad8359a4-48b9-4469-a012-ed9b220de38e___GH_HL Leaf 285.1.JPG,E:\PlantVillage\Tomato_healthy\fd2fa9cc-2147-40ff-9e71-0056eb7884ed___GH_HL Leaf 285.JPG
4,Healthy,Healthy,E:\PlantVillage\Tomato_healthy\ca4e96c1-9bf0-49fb-804f-c895905c0584___GH_HL Leaf 210.2.JPG,E:\PlantVillage\Tomato_healthy\d442075f-73bb-47a0-9545-9b36bca9300b___GH_HL Leaf 210.JPG
